{"cameraMode":{"drawMode":0,"name":"Shaded","section":"Shading Mode"},"sceneLighting":true,"audioPlay":false,"sceneViewState":{"m_AlwaysRefresh":false,"showFog":true,"showSkybox":true,"showFlares":true,"showImageEffects":true,"showParticleSystems":true,"showVisualEffectGraphs":true,"m_FxEnabled":false},"in2DMode":false,"pivot":{"x":4.531129360198975,"y":0.5864057540893555,"z":2.883302688598633},"rotation":{"x":0.3656991422176361,"y":0.009770228527486325,"z":-0.0038456320762634279,"w":0.930694043636322},"size":3.702500581741333,"orthographic":false}