{"cameraMode":{"drawMode":0,"name":"Shaded","section":"Shading Mode"},"sceneLighting":true,"audioPlay":false,"sceneViewState":{"m_AlwaysRefresh":false,"showFog":true,"showSkybox":true,"showFlares":true,"showImageEffects":true,"showParticleSystems":true,"showVisualEffectGraphs":true,"m_FxEnabled":false},"in2DMode":false,"pivot":{"x":4.531129360198975,"y":0.5864057540893555,"z":2.883302688598633},"rotation":{"x":0.27317044138908389,"y":0.03750380128622055,"z":-0.010664734989404679,"w":0.961194634437561},"size":4.880618572235107,"orthographic":false}