{"cameraMode":{"drawMode":0,"name":"Shaded","section":"Shading Mode"},"sceneLighting":true,"audioPlay":false,"sceneViewState":{"m_AlwaysRefresh":false,"showFog":true,"showSkybox":true,"showFlares":true,"showImageEffects":true,"showParticleSystems":true,"showVisualEffectGraphs":true,"m_FxEnabled":false},"in2DMode":false,"pivot":{"x":0.9433975219726563,"y":0.5975437164306641,"z":0.9044589996337891},"rotation":{"x":0.23044702410697938,"y":0.08308161795139313,"z":-0.01976737007498741,"w":0.9693671464920044},"size":3.536957263946533,"orthographic":false}