{"cameraMode":{"drawMode":0,"name":"Shaded","section":"Shading Mode"},"sceneLighting":true,"audioPlay":false,"sceneViewState":{"m_AlwaysRefresh":false,"showFog":true,"showSkybox":true,"showFlares":true,"showImageEffects":true,"showParticleSystems":true,"showVisualEffectGraphs":true,"m_FxEnabled":false},"in2DMode":false,"pivot":{"x":4.6084980964660648,"y":-0.8517837524414063,"z":4.106322765350342},"rotation":{"x":0.39349108934402468,"y":-0.0013237788807600737,"z":0.0007143027032725513,"w":0.9193997979164124},"size":5.810539245605469,"orthographic":false}